,name,sys.country,coord.lat,coord.lon,main.temp_max,main.humidity,wind.speed,clouds.all
0,Nastola,FI,60.95,25.93,21.2,92,4.7,75
1,Chuy,UY,-33.69,-53.46,66.71,93,9.17,0
2,Fukue,JP,35.03,136.69,57.2,67,6.93,0
3,Rikitea,PF,-23.12,-134.97,79.81,100,8.72,56
4,Bredasdorp,ZA,-34.53,20.04,64.4,82,3.36,56
5,Busselton,AU,-33.64,115.35,64.96,100,6.93,48
6,Adrar,DZ,27.87,-0.29,62.6,11,12.75,0
7,Ushuaia,AR,-54.81,-68.31,42.8,98,20.8,75
8,Lodja,CD,-3.52,23.6,68.92,99,2.57,92
9,Barrow,AR,-38.31,-60.23,69.91,48,10.29,0
10,Kodiak,US,39.95,-94.76,53.6,66,3.36,90
11,San Patricio,PY,-26.98,-56.83,72.16,90,2.13,8
12,Ercis,TR,39.03,43.36,53.6,62,11.41,75
13,Port Elizabeth,US,39.31,-74.98,47.59,81,5.93,90
14,Grand Gaube,MU,-20.01,57.66,73.4,94,2.24,40
15,Rundu,NA,-17.91,19.77,65.36,92,1.57,44
16,Bonthe,SL,7.53,-12.5,78.5,89,5.59,24
17,Vardo,US,39.62,-77.74,46.15,100,2.57,90
18,Butaritari,KI,3.07,172.79,81.61,100,8.39,56
19,Kenora,CA,49.76,-94.48,22.08,67,19.46,75
20,Cabo San Lucas,MX,22.89,-109.91,75.61,49,9.17,5
21,Saint-Philippe,CA,45.36,-73.48,41.0,80,4.7,1
22,Ribeira Grande,PT,38.52,-28.7,57.58,100,10.85,0
23,Chunskiy,RU,56.08,99.63,30.58,82,5.48,24
24,Tuktoyaktuk,CA,69.44,-133.03,-7.61,63,18.34,5
25,Malinovskiy,RU,54.15,34.53,2.18,58,3.24,0
26,Avarua,CK,-21.21,-159.78,87.8,84,10.29,75
27,Hermanus,ZA,-34.42,19.24,56.23,93,3.02,56
28,Khatanga,RU,71.98,102.47,-12.36,78,15.43,76
29,Provideniya,RU,64.42,-173.23,23.0,67,6.71,75
30,Bull Savanna,JM,17.89,-77.59,73.46,81,4.59,92
31,Chokurdakh,RU,70.62,147.9,-9.39,85,4.59,64
32,Terney,RU,45.05,136.61,37.15,74,9.73,0
33,Castro,CL,-42.48,-73.76,51.28,97,3.58,48
34,Mataura,NZ,-46.19,168.86,62.62,82,4.59,0
35,Atuona,PF,-9.8,-139.03,81.88,100,14.76,32
36,Hobart,AU,-42.88,147.33,60.8,59,10.29,20
37,Genhe,CN,50.78,121.52,24.91,42,6.82,0
38,Lorengau,PG,-2.02,147.27,84.22,95,7.61,44
39,Geraldton,CA,49.72,-86.95,35.6,74,10.29,90
40,Thompson,CA,55.74,-97.86,15.8,40,10.29,75
41,Vityazevo,RU,44.99,37.26,46.4,93,17.9,76
42,Saskylakh,RU,71.97,114.09,-4.3,77,14.88,80
43,Espita,MX,21.01,-88.31,79.27,68,13.53,68
44,Bulaevo,KZ,54.91,70.44,35.98,94,21.47,92
45,Chor,PK,25.52,69.77,67.7,31,2.68,0
46,Dongkan,CN,34.0,119.83,58.21,86,7.38,32
47,Dikson,RU,73.51,80.55,-11.73,76,6.93,0
48,Severo-Kurilsk,RU,50.68,156.12,36.52,89,15.21,36
49,Acapulco,MX,16.86,-99.88,80.6,78,13.87,40
50,Puerto Ayora,EC,-0.74,-90.35,82.4,69,12.75,20
51,Ambulu,ID,-8.35,113.61,79.76,100,7.05,68
52,Wegrow,PL,52.4,22.02,31.25,84,13.65,92
53,Wajir,KE,1.75,40.07,71.26,95,3.91,20
54,Punta Arenas,CL,-53.16,-70.91,42.55,100,27.74,0
55,Torbay,CA,47.66,-52.73,33.8,100,2.24,90
56,Wladyslawowo,PL,54.79,18.4,26.6,63,12.75,0
57,Valparaiso,US,41.47,-87.06,48.7,75,5.82,90
58,Kapaa,US,22.08,-159.32,76.6,61,13.87,1
59,New Norfolk,AU,-42.78,147.06,64.4,48,10.29,20
60,Kabinda,CD,-6.14,24.49,66.53,100,4.25,92
61,Codrington,AU,-28.95,153.24,70.58,100,5.93,92
62,Novo Oriente,BR,-5.54,-40.77,69.64,98,2.57,76
63,Vaini,IN,15.34,74.49,71.53,94,3.36,64
64,Chandbali,IN,20.77,86.74,78.55,100,11.63,0
65,Naze,NG,5.43,7.07,76.43,90,5.93,24
66,Mareeba,AU,-16.99,145.42,84.2,70,11.41,20
67,Popondetta,PG,-8.77,148.24,77.92,83,2.35,20
68,Qaanaaq,GL,77.48,-69.36,-10.47,71,1.9,20
69,Carnarvon,ZA,-30.97,22.13,63.65,62,4.59,92
70,Port Lincoln,AU,-34.72,135.86,64.33,93,8.28,80
71,Bubaque,GW,11.28,-15.83,77.0,69,6.93,0
72,Talnakh,RU,69.49,88.39,-11.01,72,7.94,48
73,Eyl,SO,7.98,49.82,76.61,100,9.95,92
74,Ciudad Bolivar,VE,8.12,-63.55,86.74,48,14.76,20
75,Albany,US,42.65,-73.75,41.38,75,2.46,75
76,Jamestown,AU,-33.21,138.6,68.02,59,4.36,0
77,Omboue,GA,-1.57,9.26,83.45,100,12.08,76
78,Vega de Alatorre,MX,20.03,-96.65,83.23,65,4.25,36
79,Puerto Madryn,AR,-42.77,-65.04,74.32,53,13.31,92
80,Yellowknife,CA,62.45,-114.38,-7.61,39,6.93,20
81,Tasiilaq,GL,65.61,-37.64,24.8,79,3.36,0
82,Kunda,EE,59.5,26.52,25.31,91,6.6,0
83,Shingu,JP,33.72,135.99,62.6,63,3.36,0
84,Cockburn Town,TC,21.46,-71.14,74.18,100,21.36,0
85,Cocorit,MX,27.57,-109.96,82.4,20,16.11,5
86,Umm Lajj,SA,25.02,37.27,82.15,62,21.47,0
87,Yar-Sale,RU,66.83,70.83,-3.85,65,13.65,12
88,Waitati,NZ,-45.75,170.57,58.93,77,1.34,32
89,Ritchie,ZA,-29.03,24.6,68.0,52,10.29,32
90,Rocha,UY,-34.48,-54.34,68.11,95,8.28,88
91,Pevek,RU,69.7,170.27,6.05,81,19.8,0
92,Merrill,US,42.03,-121.6,64.4,25,16.11,1
93,Ilulissat,GL,69.22,-51.1,-2.21,53,2.24,40
94,Faanui,PF,-16.48,-151.75,83.77,97,12.08,88
95,Arraial do Cabo,BR,-22.97,-42.02,75.2,94,9.17,0
96,Queanbeyan,AU,-35.35,149.23,73.4,33,4.7,0
97,Sao Joao da Barra,BR,-21.64,-41.05,75.2,88,2.24,0
98,Sisimiut,GL,66.94,-53.67,-2.1,70,1.9,64
99,Fortuna,ES,38.18,-1.13,55.4,71,5.82,0
100,Hilo,US,19.71,-155.08,73.04,69,10.29,20
101,Seoul,KR,37.57,126.98,55.02,82,3.36,75
102,Port Alfred,ZA,-33.59,26.89,68.65,99,6.6,92
103,San Felipe,CL,-32.75,-70.73,56.5,74,1.45,0
104,Hithadhoo,MV,-0.6,73.08,83.14,100,2.91,80
105,Krasnoborsk,RU,61.56,45.93,8.35,87,4.59,68
106,Jining,CN,35.41,116.58,58.21,74,8.84,0
107,Mazatlan,MX,23.22,-106.42,80.6,28,11.41,5
108,Cherskiy,RU,68.75,161.3,11.45,76,4.47,80
109,Gravdal,NO,59.79,5.78,33.8,34,17.22,20
110,Sivakasi,IN,9.45,77.8,78.8,78,3.13,20
111,Port Hedland,AU,-20.31,118.58,95.0,23,11.41,0
112,Broome,GB,52.47,1.45,33.8,100,4.7,12
113,Russell,AR,-33.01,-68.8,80.6,34,4.7,0
114,Darnah,LY,32.77,22.64,59.6,100,28.52,12
115,Bafoulabe,ML,13.81,-10.83,82.01,25,7.72,48
116,Ahipara,NZ,-35.17,173.16,73.01,75,4.36,20
117,Quilmana,PE,-12.95,-76.38,67.84,82,2.13,0
118,Singaraja,ID,-8.11,115.08,73.55,100,1.12,64
119,Mezen,RU,65.85,44.24,8.75,79,6.38,12
120,Samarai,PG,-10.62,150.67,83.23,100,1.01,8
121,Lasa,CY,34.92,32.53,58.1,87,25.28,75
122,Kaniama,CD,-7.57,24.18,66.94,99,2.68,88
123,Bambous Virieux,MU,-20.34,57.76,73.4,94,2.24,40
124,Forestville,CA,48.74,-69.09,30.2,92,5.82,40
125,Brae,GB,60.4,-1.35,37.4,86,21.92,92
126,Kampong Thum,KH,12.71,104.89,76.03,91,7.38,88
127,Togur,RU,58.36,82.83,24.23,88,8.05,76
128,Haines Junction,CA,60.75,-137.51,23.83,86,1.9,80
129,Thinadhoo,MV,0.53,72.93,84.08,100,3.91,64
130,Praia da Vitoria,PT,38.73,-27.07,53.6,71,12.3,75
131,Alindao,CF,5.04,21.21,73.96,90,7.38,64
132,Tabuk,PH,17.41,121.44,65.9,89,1.68,12
133,Bam,IR,29.11,58.36,52.27,27,4.59,0
134,Whitehorse,CA,60.72,-135.06,35.6,47,3.36,75
135,Aklavik,CA,68.22,-135.01,8.6,46,12.75,5
136,Kahului,US,20.89,-156.47,78.67,69,9.17,40
137,Meulaboh,ID,4.14,96.13,77.2,100,4.14,56
138,Constitucion,MX,23.99,-104.67,71.6,17,20.8,20
139,Henties Bay,NA,-22.12,14.28,62.26,100,7.38,100
140,Marquette,US,46.54,-87.4,46.4,39,9.17,75
141,Mar del Plata,AR,-46.43,-67.52,59.11,43,25.17,0
142,Puri,ID,-7.54,112.45,73.73,89,6.82,20
143,Te Anau,NZ,-45.41,167.72,56.59,79,4.14,0
144,Roberval,CA,48.51,-72.22,37.4,74,3.36,75
145,Bayan,MN,47.25,107.54,22.84,59,3.36,12
146,Terrace,CA,54.52,-128.61,44.6,45,5.82,75
147,Hambantota,LK,6.12,81.12,78.95,100,4.14,0
148,Poum,MK,41.28,20.71,18.83,82,1.79,0
149,Tambovka,UA,46.93,35.45,32.56,86,6.15,64
150,Kununurra,AU,-15.77,128.74,87.8,52,10.29,80
151,Betare Oya,CM,5.6,14.08,69.95,90,5.59,0
152,Aswan,EG,24.09,32.9,78.8,26,17.22,0
153,Lebu,ET,8.96,38.73,57.2,62,6.93,0
154,Impfondo,CD,1.62,18.06,70.63,96,2.68,8
155,Dauphin,CA,51.15,-100.04,17.6,67,20.8,1
156,Otradnyy,RU,53.38,51.35,23.29,91,10.18,76
157,Roseto degli Abruzzi,IT,42.68,14.01,44.6,93,2.24,0
158,Sao Filipe,CV,14.9,-24.5,69.55,100,15.99,8
159,Tiksi,RU,71.64,128.87,-4.12,51,3.47,8
160,Saint-Paul,FR,45.22,1.9,43.86,93,9.17,75
161,Inuvik,CA,68.36,-133.71,3.97,46,12.75,5
162,Cape Town,ZA,-33.93,18.42,62.6,93,4.7,20
163,Lucapa,AO,-8.42,20.74,66.08,100,3.8,88
164,Cayenne,GF,4.94,-52.33,78.8,78,6.93,0
165,Alofi,NU,-19.06,-169.92,79.99,100,7.72,56
166,Kamenka,RU,53.19,44.05,17.03,89,4.92,56
167,Mpika,ZM,-11.84,31.4,64.06,90,7.16,56
168,Bonavista,CA,48.65,-53.11,32.33,90,5.7,56
169,Pacific Grove,US,36.62,-121.92,70.83,63,4.7,1
170,Port Blair,IN,11.67,92.75,82.73,100,5.14,12
171,Souillac,FR,45.6,-0.6,44.6,93,4.7,0
172,Avera,US,33.19,-82.53,73.04,56,4.7,1
173,Iqaluit,CA,63.75,-68.52,8.6,42,5.82,75
174,Hualmay,PE,-11.1,-77.61,69.41,77,3.91,32
175,Quang Ngai,VN,15.12,108.8,67.03,85,2.91,0
176,Ancud,CL,-41.87,-73.83,52.27,89,3.58,44
177,Fort Nelson,CA,58.81,-122.69,21.2,67,8.05,75
178,Padang,ID,-0.92,100.36,81.61,100,6.26,36
179,Iranshahr,IR,27.21,60.69,73.4,11,9.17,0
180,Rio Grande,BR,-32.03,-52.1,71.21,95,6.93,48
181,Boueni,YT,-12.9,45.08,78.8,94,3.36,44
182,Los Cedrales,PY,-25.66,-54.72,72.86,100,4.7,75
183,Qaqortoq,GL,60.72,-46.03,26.6,49,5.82,12
184,Krasnyy Chikoy,RU,50.36,108.75,22.93,66,2.35,0
185,Xiuyan,CN,40.29,123.27,45.79,35,12.19,0
186,Walvis Bay,NA,-22.95,14.51,62.6,82,4.7,88
187,Victoria,BN,5.28,115.24,77.0,100,5.14,75
188,Mindelo,PT,41.31,-8.72,47.37,87,1.12,20
189,Tommot,RU,58.97,126.27,21.22,62,7.16,0
190,Mahebourg,MU,-20.41,57.7,73.4,94,2.24,40
191,Lensk,RU,60.71,114.91,29.32,79,11.41,88
192,Vila do Maio,CV,15.13,-23.22,69.8,73,14.99,20
193,Dakar,SN,14.69,-17.45,66.2,100,9.17,0
194,Hofn,IS,64.25,-15.21,39.31,100,11.63,92
195,Nguru,NG,12.88,10.45,73.6,21,9.84,0
196,Nishihara,JP,35.74,139.53,61.59,48,4.14,1
197,Nikolskoye,RU,59.7,30.79,23.0,92,4.47,75
198,Kaitangata,NZ,-46.28,169.85,59.15,96,3.69,0
199,Saint George,GR,39.45,22.34,41.0,80,6.93,20
200,Portland,US,45.52,-122.67,56.07,47,8.05,75
201,Onverwacht,SR,5.59,-55.2,79.74,78,9.17,0
202,Klaksvik,FO,62.23,-6.59,39.2,86,21.92,92
203,Saint Anthony,US,43.97,-111.68,46.42,21,10.18,1
204,San Andres,PH,13.32,122.68,78.5,100,12.97,12
205,Tura,IN,25.52,90.21,63.11,95,4.7,20
206,Rio Gallegos,AR,-51.62,-69.22,44.6,48,26.4,20
207,Anadyr,RU,64.73,177.51,6.8,84,8.95,0
208,Whitefish,US,48.41,-114.33,48.2,34,11.41,75
209,Brest,BY,52.09,23.69,26.53,92,11.41,80
210,Gat,SN,14.69,-16.54,73.4,69,6.93,0
211,Bambanglipuro,ID,-7.95,110.28,73.69,100,4.03,100
212,Bulgan,MN,48.81,103.53,30.22,65,4.7,68
213,Menongue,AO,-14.66,17.68,63.11,95,2.24,76
214,Salym,RU,60.06,71.48,18.56,83,7.94,88
215,Cidreira,BR,-30.17,-50.22,69.68,95,4.7,48
216,Zhangye,CN,38.94,100.46,41.92,68,9.73,20
217,Darya Khan,PK,31.78,71.1,63.38,66,2.68,0
218,Norman,US,35.22,-97.44,59.59,72,6.93,75
219,Alihe,CN,50.57,123.73,28.33,41,4.59,0
220,Coronado,PA,8.53,-79.9,82.4,65,12.75,20
221,Pangnirtung,CA,66.15,-65.72,17.3,83,17.0,88
222,Kaeo,NZ,-35.1,173.78,72.43,68,6.04,44
223,Darhan,MN,49.49,105.92,28.01,65,4.7,44
224,Nerchinskiy Zavod,RU,51.31,119.61,26.71,46,4.92,0
225,Guerrero Negro,MX,27.97,-114.04,75.49,28,12.97,0
226,Valley,GB,53.28,-4.56,44.53,95,9.73,56
227,Kruisfontein,ZA,-34.0,24.73,63.83,93,5.59,80
228,Gilgit,PK,35.92,74.31,21.35,92,0.22,0
229,Bathsheba,BB,13.22,-59.52,78.8,83,11.41,75
230,Fukuchiyama,JP,35.32,135.12,59.31,62,5.82,0
231,Flinders,AU,-34.58,150.85,71.6,68,1.12,0
232,Saint-Georges,CA,46.12,-70.67,31.16,91,2.46,0
233,Ferzikovo,RU,54.52,36.76,3.26,64,5.14,0
234,Redlands,US,34.06,-117.19,77.81,14,13.87,5
235,Touros,BR,-5.2,-35.46,77.92,97,6.26,88
236,Rome,IT,41.89,12.48,54.81,81,4.7,40
237,Marsa Matruh,EG,31.35,27.25,57.2,82,11.41,0
238,Ekhabi,RU,53.51,142.97,20.86,89,19.8,56
239,Bethel,US,60.79,-161.76,32.0,88,13.87,90
240,Saint-Augustin,FR,44.83,-0.61,46.4,100,3.36,92
241,Zhangjiakou,CN,40.77,114.88,42.86,71,7.72,0
242,Chapais,CA,49.78,-74.86,33.8,80,4.7,90
243,Komsomolskiy,RU,67.55,63.78,-15.37,45,4.14,0
244,Mitsamiouli,KM,-11.38,43.28,81.34,100,5.37,24
245,Laguna,MX,27.52,-110.01,78.8,21,16.11,5
246,Agadir,MA,30.42,-9.58,64.4,59,5.82,68
247,Indiaroba,BR,-11.53,-37.51,74.68,96,7.72,88
248,Dalbandin,PK,28.9,64.41,56.81,33,4.03,0
249,Bluff,AU,-23.58,149.07,84.8,43,11.74,0
250,Grindavik,IS,63.84,-22.43,38.25,69,11.41,0
251,Vestmannaeyjar,IS,63.44,-20.27,40.25,86,14.2,0
252,Dokka,NO,60.83,10.07,8.17,70,1.79,0
253,Barra Patuca,HN,15.8,-84.28,79.54,91,14.43,68
254,Isla Aguada,MX,18.78,-91.49,89.6,49,16.11,5
255,Zalantun,CN,48.0,122.72,34.81,49,5.37,0
256,Banda Aceh,ID,5.56,95.32,75.49,93,3.58,56
257,Kentau,KZ,43.52,68.5,37.33,97,2.01,12
258,Baghdad,IQ,33.3,44.38,75.2,29,19.46,0
259,Nouadhibou,MR,20.93,-17.03,64.4,88,11.41,75
260,Ust-Nera,RU,64.57,143.24,6.28,77,2.68,68
261,Hershey,US,40.29,-76.65,45.37,93,2.57,90
262,Byron Bay,AU,-28.65,153.62,77.0,83,11.41,90
263,Matara,PE,-13.74,-72.9,44.53,98,1.9,88
264,Kavieng,PG,-2.57,150.8,84.26,100,7.94,48
265,Vila Velha,BR,-3.71,-38.6,80.6,88,4.7,75
266,Taunggyi,MM,20.78,97.03,53.44,82,1.23,12
267,Rambha,IN,19.52,85.09,71.48,94,6.6,0
268,Price,US,39.6,-110.81,51.8,23,24.16,1
269,Tigil,RU,57.8,158.67,27.97,89,13.2,92
270,Georgetown,GY,6.8,-58.16,77.96,83,6.71,88
271,Santa Rosa,AR,-36.62,-64.29,70.85,40,8.61,0
272,Kandi,BJ,11.13,2.93,74.95,60,2.57,8
273,Jumla,NP,29.28,82.18,23.83,95,1.68,0
274,Kampene,CD,-3.59,26.67,67.43,98,2.13,48
275,Dongsheng,CN,29.72,112.52,67.03,79,5.59,88
276,Pisco,PE,-13.71,-76.2,71.6,78,9.17,0
277,Havelock,US,34.88,-76.9,65.55,77,8.05,5
278,Rapid City,US,44.08,-103.23,39.65,64,5.82,1
279,Kayerkan,RU,69.35,87.76,-10.38,71,12.41,44
280,Mitu,IR,36.2,46.09,51.73,51,4.92,8
281,Pombia,IT,45.65,8.63,51.76,76,3.36,75
282,Baherden,TM,38.44,57.43,54.2,71,2.35,20
283,Lastoursville,GA,-0.81,12.73,73.24,94,2.13,92
284,Gobabis,NA,-22.45,18.97,71.6,73,1.12,76
285,Donnacona,CA,46.68,-71.73,34.7,86,3.36,20
286,Diego de Almagro,CL,-26.39,-70.05,63.11,80,2.35,0
287,Alvand,IR,36.19,50.06,60.8,44,4.7,0
288,Norman Wells,CA,65.28,-126.83,5.0,45,10.29,20
289,Sobolevo,RU,54.43,31.9,6.1,64,4.14,8
290,Atherton,GB,53.52,-2.49,36.77,99,3.36,76
291,Dawlatabad,AF,36.41,64.91,60.37,48,7.05,12
292,Sola,NO,58.89,5.65,33.8,37,12.75,0
293,Faya,SA,18.39,42.45,62.6,51,3.36,0
294,Mangaratiba,BR,-22.96,-44.04,78.12,88,4.7,0
295,Morondava,MG,-20.3,44.28,80.17,97,3.36,0
296,Kokkola,FI,63.84,23.13,19.4,79,5.82,0
297,Ca Mau,VN,9.18,105.15,78.41,88,7.49,44
298,Nicoya,CR,10.15,-85.45,87.8,43,18.34,0
299,Salvador,BR,-12.98,-38.48,80.6,74,6.93,40
300,Clyde River,CA,70.47,-68.59,-5.81,83,6.93,90
301,Chute-aux-Outardes,CA,49.12,-68.38,29.19,100,4.7,90
302,Kavaratti,IN,10.57,72.64,82.33,100,8.05,80
303,Lebedyn,UA,50.58,34.48,26.21,94,12.41,92
304,Guanay,BO,-15.5,-67.88,66.94,87,1.9,100
305,Tautira,PF,-17.73,-149.15,87.8,66,3.36,40
306,Mount Isa,AU,-20.73,139.49,87.8,58,8.05,40
307,Borogontsy,RU,62.67,131.17,14.83,59,3.8,0
308,San Cristobal,EC,-0.39,-78.55,59.0,67,2.24,75
309,Atagay,RU,55.1,99.39,27.34,90,4.14,12
310,Narsaq,GL,60.91,-46.05,26.6,49,5.82,20
311,Bangui,CF,4.39,18.55,77.0,88,8.05,20
312,Wajima,JP,37.4,136.9,60.8,51,19.46,0
313,Lompoc,US,34.64,-120.46,64.45,77,16.11,1
314,Honningsvag,NO,70.98,25.97,31.57,98,15.66,92
315,Gabu,CN,34.78,103.0,18.38,65,2.35,0
316,Taman,RU,45.22,36.72,46.4,93,15.66,92
317,Leningradskiy,RU,69.38,178.42,2.18,98,9.95,12
318,Coos Bay,US,43.37,-124.22,51.64,71,20.8,1
319,Sun Valley,US,43.7,-114.35,46.71,25,11.41,20
320,Myaundzha,RU,63.05,147.18,10.1,78,3.8,68
321,Tual,ID,-5.67,132.75,79.36,100,14.76,48
322,Athabasca,CA,54.72,-113.29,25.76,87,9.4,68
323,Dunedin,NZ,-45.87,170.5,58.93,77,1.34,32
324,Kiama,AU,-34.67,150.86,75.2,60,2.24,0
325,Ainazi,LV,57.86,24.36,11.36,65,1.57,0
326,Lakatoro,VU,-16.11,167.42,83.36,88,5.82,56
327,Kirakira,SB,-10.46,161.92,84.22,100,8.39,12
328,Harper,US,30.3,-99.24,68.67,72,8.05,90
329,Phonhong,LA,18.5,102.42,73.4,94,4.03,75
330,Sosnovo-Ozerskoye,RU,52.53,111.54,23.65,60,8.61,48
331,Puerto Carreno,CO,6.19,-67.49,74.0,89,0.56,92
332,Hami,CN,42.84,93.51,53.98,39,6.6,80
333,Lubumbashi,CD,-11.66,27.48,61.9,94,5.37,56
334,Marinette,US,45.1,-87.63,40.86,75,5.82,1
335,Atasu,KZ,48.68,71.64,17.44,70,3.58,0
336,Mongoumba,CD,3.64,18.59,76.16,88,3.58,88
337,Katsuura,JP,33.93,134.5,64.4,55,10.29,0
338,Grand Forks,US,47.91,-97.06,24.4,79,12.75,40
339,Buraydah,SA,26.33,43.97,77.0,27,11.41,0
340,Prince Rupert,CA,54.32,-130.32,44.6,70,4.7,1
341,Havre-Saint-Pierre,CA,50.23,-63.6,32.0,94,6.93,75
342,San Rafael del Sur,NI,11.85,-86.44,86.0,48,18.34,40
343,Cuamba,MZ,-14.8,36.54,66.4,95,1.9,48
344,Carlisle,GB,54.89,-2.94,33.8,100,3.36,64
345,Nisia Floresta,BR,-6.09,-35.21,75.2,100,4.7,75
346,Yumen,CN,40.29,97.04,44.71,62,11.18,32
347,Ust-Ilimsk,RU,57.96,102.73,29.23,67,10.96,80
348,Lodwar,KE,3.12,35.6,75.22,67,4.92,12
349,Kungurtug,RU,50.6,97.53,14.2,67,2.91,0
350,Bata,GQ,1.87,9.77,80.08,100,4.59,56
351,Ialibu,PG,-6.28,143.99,64.06,90,2.57,44
352,Esperance,TT,10.24,-61.45,78.8,78,8.05,75
353,Port Hardy,CA,50.7,-127.42,44.6,75,5.82,90
354,Saint-Francois,FR,46.42,3.91,44.6,93,2.24,90
355,Alta Floresta,BR,-9.87,-56.08,80.21,78,3.69,12
356,Bawku,GH,11.06,-0.24,78.37,39,4.59,44
357,Galesong,ID,-5.32,119.37,78.8,88,3.36,40
358,Aguimes,ES,27.91,-15.45,73.4,20,9.17,12
359,Kathmandu,NP,27.71,85.32,55.4,82,2.68,40
360,Turukhansk,RU,65.8,87.96,-7.45,77,7.83,48
361,Oranjestad,AW,12.52,-70.03,80.6,78,16.11,20
362,Ostrovnoy,RU,68.05,39.51,14.56,92,15.77,20
363,Upernavik,GL,72.79,-56.15,-7.77,80,5.03,0
364,Kutum,SD,14.2,24.66,62.17,40,3.91,0
365,Sapouy,BF,11.55,-1.77,75.4,39,3.36,12
366,Royan,FR,45.62,-1.03,44.6,93,3.36,0
367,Acajutla,SV,13.59,-89.83,86.0,48,6.93,0
368,Airai,TL,-8.93,125.41,73.78,90,1.9,32
369,Indian Head,CA,50.53,-103.67,17.75,91,7.16,0
370,Suntar,RU,62.16,117.65,27.7,80,7.61,88
371,Sinnamary,GF,5.38,-52.96,77.33,100,9.73,92
372,Dong Hoi,VN,17.48,106.6,72.43,96,4.59,8
373,Sorland,NO,67.67,12.69,38.18,100,15.55,88
374,Nizhniy Kuranakh,RU,58.84,125.49,20.63,64,6.93,0
375,Vila Franca do Campo,PT,37.72,-25.43,55.4,58,6.93,75
376,Vostok,RU,46.45,135.83,29.18,59,4.14,36
377,Mwene-Ditu,CD,-7.01,23.45,66.58,98,3.58,100
378,Ulladulla,AU,-35.36,150.48,75.2,60,2.24,0
379,Heihe,RU,50.24,127.51,32.0,57,6.71,0
380,Zabaykalsk,CN,49.64,117.33,24.19,52,6.71,0
381,Sungaipenuh,ID,-2.08,101.38,65.59,94,1.23,88
382,Marfino,RU,56.07,37.56,11.41,78,4.47,0
383,Maceio,BR,-9.67,-35.74,78.8,88,9.17,40
384,San Carlos,VE,9.66,-68.59,78.8,83,6.49,20
385,East London,ZA,-33.02,27.91,74.0,100,6.93,92
386,Shimoda,JP,34.7,138.93,66.2,72,12.75,20
387,Huanren,CN,41.26,125.37,39.71,60,4.59,0
388,Klyuchi,RU,52.25,79.17,12.98,65,3.36,0
389,Kulhudhuffushi,MV,6.62,73.07,82.96,100,1.34,12
390,Estevan,CA,49.14,-102.99,23.9,73,11.41,75
391,Ola,RU,59.58,151.3,24.8,79,4.47,90
392,Ponta do Sol,BR,-20.63,-46.0,70.63,66,4.36,68
393,Tateyama,JP,36.66,137.31,64.4,34,4.7,0
394,Rawson,AR,-43.3,-65.11,74.05,26,14.2,0
395,Atambua,ID,-9.11,124.89,73.28,100,1.57,88
396,Oni,GE,42.59,43.44,40.16,69,2.13,100
397,Jalu,LY,29.03,21.55,54.11,72,9.73,0
398,Pangkalanbuun,ID,-2.68,111.62,77.29,93,4.25,88
399,Kiunga,PG,-6.12,141.3,74.14,99,2.8,92
400,Vendas Novas,PT,38.68,-8.46,53.82,87,8.05,20
401,Basco,US,40.33,-91.2,44.6,93,3.13,90
402,Dicabisagan,PH,17.08,122.42,69.5,100,6.6,100
403,Novoagansk,RU,61.94,76.66,3.08,75,7.61,68
404,Pucallpa,PE,-8.38,-74.54,80.6,74,4.7,40
405,Coquimbo,CL,-29.95,-71.34,60.68,100,4.7,0
406,Okulovka,RU,58.37,33.3,14.83,71,7.61,64
407,Preobrazheniye,RU,42.9,133.91,39.71,43,4.03,0
408,Luanda,AO,-8.83,13.24,78.86,93,5.26,64
409,Half Moon Bay,US,37.46,-122.43,74.68,42,11.41,1
410,Ketchikan,US,55.34,-131.65,43.79,70,4.7,90
411,Timra,SE,62.49,17.33,8.87,92,2.35,0
412,Poso,ID,-1.4,120.75,78.73,100,2.24,56
413,Nioro,GM,13.79,-15.05,77.15,40,5.93,0
414,Kapit,MY,2.02,112.94,72.88,99,2.8,92
415,Soure,PT,40.06,-8.63,51.8,87,8.05,40
416,Gazanjyk,TM,39.24,55.52,55.46,87,2.35,48
417,Torre del campo,ES,36.95,-2.17,55.4,87,2.91,12
418,Bay Roberts,CA,47.58,-53.28,37.4,100,9.17,90
419,Gorontalo,ID,0.54,123.06,77.29,92,2.13,8
420,Batagay-Alyta,RU,67.8,130.41,-4.39,60,2.68,24
421,Kannur,IN,11.88,75.37,75.71,88,1.68,76
422,Berlevag,NO,70.86,29.09,30.04,100,9.84,88
423,Longyearbyen,NO,78.22,15.63,10.4,60,5.82,75
424,Minab,IR,27.15,57.07,68.0,94,4.7,0
425,Richards Bay,ZA,-28.77,32.06,72.65,79,10.96,0
426,Hit,IQ,33.64,42.83,68.74,57,9.4,36
427,Maine-Soroa,NE,13.21,12.02,76.12,16,11.18,0
428,Sao Felix do Xingu,BR,-6.64,-51.99,76.48,91,3.47,32
429,College,US,64.86,-147.8,33.91,78,4.7,1
430,Cap Malheureux,MU,-19.98,57.61,80.98,100,8.39,76
431,Isfana,KG,39.84,69.53,53.6,93,4.47,90
432,Rayevskaya,RU,44.84,37.55,46.4,93,20.13,64
433,Asosa,ET,10.07,34.53,62.71,93,3.47,44
434,Rognan,NO,67.1,15.4,33.8,86,17.22,75
435,Qeshm,IR,26.96,56.27,68.0,94,4.7,0
436,San Quintin,PH,17.54,120.52,77.0,65,4.7,20
437,Bereda,ES,43.27,-7.54,41.0,86,8.05,20
438,Rio Bueno,JM,18.47,-77.46,78.8,74,17.22,40
439,San Policarpo,PH,12.18,125.51,78.5,100,11.3,80
440,Dingle,PH,11.0,122.67,77.6,88,5.59,0
441,West Wendover,US,40.74,-114.07,59.0,19,21.92,1
442,Bilibino,RU,68.06,166.44,2.41,64,3.13,36
443,Zhanakorgan,KZ,43.91,67.25,40.21,88,3.02,0
444,Bandarbeyla,SO,9.49,50.81,78.41,100,6.93,100
445,Namibe,AO,-15.19,12.15,77.06,100,9.17,92
446,Moose Factory,CA,51.26,-80.61,37.4,74,13.87,90
447,Alice Springs,AU,-23.7,133.88,87.8,18,13.87,12
448,Rancho Palos Verdes,US,33.75,-118.37,70.07,63,11.41,5
449,Cortes,PH,9.28,126.19,77.74,91,3.91,36
450,Kidal,ML,18.44,1.41,66.26,25,10.74,0
451,Sile,US,35.56,-106.37,53.22,40,16.11,20
452,Port-Gentil,GA,-0.72,8.78,82.24,96,9.17,80
453,Kloulklubed,PW,7.04,134.26,86.0,74,6.93,75
454,Sitka,US,37.17,-99.65,62.21,59,6.93,0
455,Hasaki,JP,35.73,140.83,63.59,68,3.36,0
456,Kamen-na-Obi,RU,53.79,81.35,23.02,92,5.59,48
457,Nador,MA,35.17,-2.93,58.77,48,6.93,8
458,Mecca,SA,21.43,39.83,82.4,48,2.35,0
459,Nemuro,JP,43.32,145.57,53.6,62,3.36,75
460,Saint-Pierre,FR,48.95,4.24,37.6,98,8.05,40
461,Kangaatsiaq,GL,68.31,-53.46,8.8,100,18.23,36
462,Port-Cartier,CA,50.03,-66.88,30.2,92,3.36,90
463,Toyooka,JP,35.55,134.82,59.61,62,5.82,0
464,Matveyevka,UA,45.75,33.81,40.39,90,7.94,92
465,Panaba,MX,21.28,-88.27,79.27,68,13.53,68
466,Lavrentiya,RU,65.58,-170.99,20.45,100,10.29,48
467,Bom Jesus,BR,-9.08,-44.36,76.43,78,3.69,12
468,The Valley,AI,18.22,-63.06,77.0,73,13.87,40
469,Methoni,GR,36.82,21.7,44.6,81,8.05,0
470,Paita,PE,-5.09,-81.11,79.45,60,7.72,8
471,Payo,ID,-3.75,103.64,74.14,89,3.24,64
472,Seryshevo,RU,51.09,128.38,28.69,58,11.74,0
473,Teya,MX,21.05,-89.07,91.4,31,23.04,5
474,Lagoa,PT,37.14,-8.45,55.4,82,5.82,0
475,Merauke,ID,-8.49,140.4,81.07,93,9.73,48
476,Kalemie,CD,-5.95,29.2,74.14,100,4.14,88
477,Firovo,RU,57.48,33.7,6.5,71,3.24,8
478,Ternate,PH,14.29,120.72,80.6,69,2.24,75
479,Waingapu,ID,-9.65,120.26,80.75,81,5.37,20
480,Nikel,NO,69.41,30.21,28.4,86,17.22,88
481,Somerset,US,37.09,-84.6,62.19,82,3.36,40
482,Charleville-Mezieres,FR,49.77,4.72,35.6,93,8.05,92
483,Beyneu,KZ,45.32,55.19,41.78,93,5.59,8
484,Springville,US,40.17,-111.61,52.65,32,17.22,20
485,Itarema,BR,-2.92,-39.92,77.83,93,6.49,36
486,Isangel,VU,-19.55,169.27,79.4,100,12.64,92
487,Anchorage,US,61.22,-149.89,36.5,69,2.35,90
488,Altay,CN,47.83,88.13,15.46,60,1.34,24
489,Ambunti,PG,-4.22,142.82,76.7,100,2.68,68
490,Urucara,BR,-2.54,-57.76,78.64,89,3.02,24
491,Masaka,UG,-0.34,31.75,66.13,100,2.35,36
492,Sao Paulo de Olivenca,BR,-3.38,-68.87,79.13,88,0.56,36
493,Mananjary,MG,-19.16,46.8,59.96,90,3.24,8
494,Charyshskoye,RU,51.4,83.56,22.66,75,2.46,44
495,Natal,BR,-5.81,-35.21,75.2,100,4.7,75
496,Tessalit,ML,20.2,1.01,63.38,27,9.4,32
497,Mayor Pablo Lagerenza,PY,-19.93,-60.77,73.06,85,7.27,20
498,Caravelas,BR,-17.73,-39.27,80.66,100,14.2,44
499,Vao,EE,59.1,26.19,25.31,91,6.6,0
500,Hulan Ergi,CN,47.2,123.63,36.7,58,9.95,0
501,Mundo Nuevo,CL,-32.72,-71.41,56.68,92,2.68,0
502,Trairi,BR,-3.28,-39.27,81.52,100,10.96,44
503,Bushehr,IR,28.97,50.84,64.4,52,6.93,0
504,Sakete,BJ,6.74,2.66,82.4,88,10.29,40
505,Liverpool,GB,53.41,-2.98,38.23,86,5.82,0
506,Saldanha,PT,41.42,-6.55,37.55,92,5.37,0
507,Aland,IN,17.57,76.57,67.48,50,2.13,8
508,Lazaro Cardenas,MX,28.39,-105.62,68.0,10,12.75,20
509,Montorio al Vomano,IT,42.58,13.64,31.21,99,3.24,0
510,Bowen,AU,-20.01,148.25,82.4,61,11.41,0
511,Maxixe,MZ,-23.86,35.35,76.12,100,9.4,12
512,Aykhal,RU,65.95,111.51,-2.5,56,6.38,24
513,Huarmey,PE,-10.07,-78.15,70.18,69,3.8,12
514,Ixtapa,MX,20.71,-105.21,77.0,69,13.87,5
515,Noumea,NC,-22.28,166.46,84.2,62,8.05,0
516,Along,IN,28.17,94.8,56.63,88,1.68,80
517,Palafrugell,ES,41.92,3.16,44.6,100,6.38,20
518,Maykor,RU,59.01,55.89,-0.52,76,4.36,0
519,Yeppoon,AU,-23.13,150.74,84.2,51,13.87,90
520,Itacarambi,BR,-15.1,-44.09,82.1,53,11.74,92
521,Corn Island,NI,12.17,-83.04,81.16,97,17.11,76
522,Salinopolis,BR,-0.61,-47.36,80.48,100,10.63,56
523,Seybaplaya,MX,19.65,-90.67,95.0,34,11.41,5
524,Lata,IN,30.78,78.62,43.09,53,2.8,0
525,Saint-Joseph,FR,43.56,6.97,53.65,66,12.75,0
526,Lumberton,US,30.27,-94.2,73.4,88,9.17,90
527,Moville,US,42.49,-96.07,41.43,70,19.46,90
528,Okhotsk,RU,59.36,143.24,27.43,85,3.69,88
529,Ossora,RU,59.24,163.07,29.5,99,14.32,92
530,Prince Albert,CA,53.2,-105.75,23.0,53,13.87,75
531,Purpe,RU,64.48,76.69,-15.19,45,8.61,8
532,Brisenas,MX,20.27,-102.57,79.45,24,7.94,20
533,Nogales,US,31.34,-110.94,64.4,7,19.46,1
534,Coihaique,CL,-45.58,-72.07,43.09,73,6.38,20
535,Conceicao da Barra,BR,-18.59,-39.73,78.64,93,10.4,64
536,Puerto del Rosario,ES,28.5,-13.86,68.65,72,9.17,24
537,Madang,PG,-5.21,145.81,76.43,100,2.13,92
538,Ambon,FR,47.55,-2.56,39.2,86,4.7,0
539,Changji,CN,32.07,116.17,64.06,83,4.14,24
540,Nanortalik,GL,60.14,-45.24,24.1,100,9.62,12
541,Goure,NE,13.98,10.27,75.8,14,11.97,0
542,Wufeng,TW,24.63,121.12,75.29,88,4.7,75
543,Am Timan,TD,11.04,20.28,87.95,40,2.8,80
544,Aasiaat,GL,68.71,-52.87,9.56,92,22.48,20
545,San Ramon,NI,12.92,-85.84,69.5,82,2.68,76
546,Camacha,PT,33.08,-16.33,60.8,77,9.17,40
547,Tornio,FI,61.12,27.27,10.8,100,4.7,75
548,Baft,IR,29.23,56.61,32.83,43,1.68,0
549,La Palma,CO,5.36,-74.39,70.18,88,0.89,68
550,Nastola,FI,60.95,25.93,15.8,100,2.24,20
551,Chuy,UY,-33.69,-53.46,64.41,94,7.34,0
552,Fukue,JP,35.03,136.69,62.6,55,3.36,0
553,Rikitea,PF,-23.12,-134.97,80.2,100,9.24,0
554,Bredasdorp,ZA,-34.53,20.04,62.6,88,2.24,92
555,Busselton,AU,-33.64,115.35,68.91,100,6.55,0
556,Adrar,DZ,27.87,-0.29,59.0,16,10.29,0
557,Ushuaia,AR,-54.81,-68.31,39.2,98,10.29,20
558,Lodja,CD,-3.52,23.6,69.13,99,2.75,92
559,Barrow,AR,-38.31,-60.23,63.91,60,9.13,0
560,Kodiak,US,39.95,-94.76,48.2,87,4.7,90
561,San Patricio,PY,-26.98,-56.83,67.33,92,2.19,0
562,Ercis,TR,39.03,43.36,48.2,81,1.12,75
563,Port Elizabeth,US,39.31,-74.98,50.0,81,7.23,90
564,Grand Gaube,MU,-20.01,57.66,73.4,94,4.7,40
565,Rundu,NA,-17.91,19.77,64.9,92,5.1,48
566,Bonthe,SL,7.53,-12.5,78.13,91,4.65,88
567,Vardo,US,39.62,-77.74,46.4,100,3.36,90
568,Butaritari,KI,3.07,172.79,82.23,100,8.01,44
569,Kenora,CA,49.76,-94.48,19.4,73,6.93,90
570,Cabo San Lucas,MX,22.89,-109.91,71.6,60,6.93,5
571,Saint-Philippe,CA,45.36,-73.48,39.2,93,3.36,90
572,Ribeira Grande,PT,38.52,-28.7,56.98,100,8.34,0
573,Chunskiy,RU,56.08,99.63,36.01,68,4.21,32
574,Tuktoyaktuk,CA,69.44,-133.03,-4.01,69,14.99,5
575,Malinovskiy,RU,54.15,34.53,-0.13,54,2.64,0
576,Avarua,CK,-21.21,-159.78,87.8,79,14.99,75
577,Hermanus,ZA,-34.42,19.24,55.86,95,3.42,92
578,Khatanga,RU,71.98,102.47,-11.15,73,15.84,64
579,Provideniya,RU,64.42,-173.23,23.0,73,6.71,75
580,Bull Savanna,JM,17.89,-77.59,70.08,86,3.98,0
581,Chokurdakh,RU,70.62,147.9,-6.61,100,4.65,76
582,Terney,RU,45.05,136.61,38.44,70,12.82,0
583,Castro,CL,-42.48,-73.76,49.24,98,2.98,76
584,Mataura,NZ,-46.19,168.86,66.3,69,5.88,12
585,Atuona,PF,-9.8,-139.03,82.0,100,15.39,0
586,Hobart,AU,-42.88,147.33,68.0,40,18.34,20
587,Genhe,CN,50.78,121.52,35.2,45,11.03,0
588,Lorengau,PG,-2.02,147.27,83.98,96,8.57,56
589,Geraldton,CA,49.72,-86.95,35.6,80,9.17,90
590,Thompson,CA,55.74,-97.86,10.4,72,13.87,90
591,Vityazevo,RU,44.99,37.26,46.4,93,15.66,92
592,Saskylakh,RU,71.97,114.09,-5.53,82,13.71,32
593,Espita,MX,21.01,-88.31,76.83,71,10.47,44
594,Bulaevo,KZ,54.91,70.44,36.64,91,20.76,92
595,Chor,PK,25.52,69.77,78.67,22,1.41,0
596,Dongkan,CN,34.0,119.83,61.39,86,11.48,8
597,Dikson,RU,73.51,80.55,-9.71,69,6.33,8
598,Severo-Kurilsk,RU,50.68,156.12,36.96,88,14.27,20
599,Acapulco,MX,16.86,-99.88,77.0,88,8.05,75
600,Puerto Ayora,EC,-0.74,-90.35,78.0,99,8.01,0
601,Ambulu,ID,-8.35,113.61,83.13,100,6.44,20
602,Wegrow,PL,52.4,22.02,30.66,89,17.29,92
603,Wajir,KE,1.75,40.07,72.91,94,3.76,88
604,Punta Arenas,CL,-53.16,-70.91,41.77,100,22.88,24
605,Torbay,CA,47.66,-52.73,35.6,100,13.87,90
606,Wladyslawowo,PL,54.79,18.4,30.2,54,14.99,0
607,Valparaiso,US,41.47,-87.06,48.2,87,2.98,90
608,Kapaa,US,22.08,-159.32,78.8,65,11.41,75
609,New Norfolk,AU,-42.78,147.06,68.0,40,18.34,20
610,Kabinda,CD,-6.14,24.49,66.66,100,4.32,92
611,Codrington,AU,-28.95,153.24,70.93,100,5.77,92
612,Novo Oriente,BR,-5.54,-40.77,69.4,98,2.19,88
613,Vaini,IN,15.34,74.49,73.45,86,3.2,24
614,Chandbali,IN,20.77,86.74,82.23,96,9.69,0
615,Naze,NG,5.43,7.07,75.43,93,6.44,64
616,Mareeba,AU,-16.99,145.42,86.0,66,16.11,20
617,Popondetta,PG,-8.77,148.24,79.66,81,2.53,56
618,Qaanaaq,GL,77.48,-69.36,-15.16,67,5.1,0
619,Carnarvon,ZA,-30.97,22.13,59.95,81,4.09,88
620,Port Lincoln,AU,-34.72,135.86,67.11,86,10.8,64
621,Bubaque,GW,11.28,-15.83,75.34,100,9.69,0
622,Talnakh,RU,69.49,88.39,-7.64,92,10.47,56
623,Eyl,SO,7.98,49.82,76.42,100,9.69,92
624,Ciudad Bolivar,VE,8.12,-63.55,81.37,66,13.82,68
625,Albany,US,42.65,-73.75,42.8,81,2.42,75
626,Jamestown,AU,-33.21,138.6,78.67,39,5.66,0
627,Omboue,GA,-1.57,9.26,83.17,100,11.25,56
628,Vega de Alatorre,MX,20.03,-96.65,78.04,76,3.2,0
629,Puerto Madryn,AR,-42.77,-65.04,69.36,57,15.5,20
630,Yellowknife,CA,62.45,-114.38,-11.21,47,6.93,20
631,Tasiilaq,GL,65.61,-37.64,23.0,73,4.7,8
632,Kunda,EE,59.5,26.52,21.75,94,4.54,48
633,Shingu,JP,33.72,135.99,69.8,52,9.17,0
634,Cockburn Town,TC,21.46,-71.14,73.99,100,21.09,0
635,Cocorit,MX,27.57,-109.96,66.2,34,5.82,5
636,Umm Lajj,SA,25.02,37.27,81.73,64,23.11,0
637,Yar-Sale,RU,66.83,70.83,-4.22,79,14.16,0
638,Waitati,NZ,-45.75,170.57,61.3,71,3.76,56
639,Ritchie,ZA,-29.03,24.6,66.2,63,9.17,0
640,Rocha,UY,-34.48,-54.34,64.63,97,8.12,8
641,Pevek,RU,69.7,170.27,7.12,77,16.28,0
642,Merrill,US,42.03,-121.6,57.2,44,16.11,1
643,Ilulissat,GL,69.22,-51.1,1.4,64,2.24,24
644,Faanui,PF,-16.48,-151.75,83.08,99,13.49,76
645,Arraial do Cabo,BR,-22.97,-42.02,73.4,100,5.82,0
646,Queanbeyan,AU,-35.35,149.23,82.4,26,4.7,0
647,Sao Joao da Barra,BR,-21.64,-41.05,77.41,100,11.48,68
648,Sisimiut,GL,66.94,-53.67,2.89,74,5.77,64
649,Fortuna,ES,38.18,-1.13,59.0,41,10.29,0
650,Hilo,US,19.71,-155.08,86.0,62,9.17,40
651,Seoul,KR,37.57,126.98,62.6,63,2.24,75
652,Port Alfred,ZA,-33.59,26.89,68.91,97,10.8,80
653,San Felipe,CL,-32.75,-70.73,68.0,45,1.86,0
654,Hithadhoo,MV,-0.6,73.08,83.71,100,2.53,8
655,Krasnoborsk,RU,61.56,45.93,9.82,89,4.21,80
656,Jining,CN,35.41,116.58,73.18,72,6.44,0
657,Mazatlan,MX,23.22,-106.42,69.8,49,6.93,40
658,Cherskiy,RU,68.75,161.3,14.32,78,4.65,80
659,Gravdal,NO,59.79,5.78,32.0,100,12.75,0
660,Sivakasi,IN,9.45,77.8,80.6,74,4.76,20
661,Port Hedland,AU,-20.31,118.58,105.8,11,12.75,0
662,Broome,GB,52.47,1.45,35.6,100,8.05,56
663,Russell,AR,-33.01,-68.8,66.2,42,2.75,0
664,Darnah,LY,32.77,22.64,60.13,100,29.15,20
665,Bafoulabe,ML,13.81,-10.83,79.53,26,8.34,48
666,Ahipara,NZ,-35.17,173.16,71.7,78,4.76,100
667,Quilmana,PE,-12.95,-76.38,62.7,94,1.63,0
668,Singaraja,ID,-8.11,115.08,81.37,82,2.42,36
669,Mezen,RU,65.85,44.24,9.19,84,5.99,8
670,Samarai,PG,-10.62,150.67,83.44,100,3.87,8
671,Lasa,CY,34.92,32.53,59.0,76,8.05,75
672,Kaniama,CD,-7.57,24.18,66.7,99,2.75,92
673,Bambous Virieux,MU,-20.34,57.76,73.4,94,4.7,40
674,Forestville,CA,48.74,-69.09,24.8,100,3.36,20
675,Brae,GB,60.4,-1.35,39.2,100,24.16,88
676,Kampong Thum,KH,12.71,104.89,82.54,75,9.24,88
677,Togur,RU,58.36,82.83,26.83,92,11.7,68
678,Haines Junction,CA,60.75,-137.51,21.75,91,0.29,80
679,Thinadhoo,MV,0.53,72.93,84.43,100,4.65,36
680,Praia da Vitoria,PT,38.73,-27.07,53.6,71,12.37,40
681,Alindao,CF,5.04,21.21,71.88,96,6.67,44
682,Tabuk,PH,17.41,121.44,75.21,73,2.98,12
683,Bam,IR,29.11,58.36,54.6,22,3.65,0
684,Whitehorse,CA,60.72,-135.06,35.6,47,8.05,75
685,Aklavik,CA,68.22,-135.01,6.8,46,9.17,5
686,Kahului,US,20.89,-156.47,78.8,74,10.29,40
687,Meulaboh,ID,4.14,96.13,81.15,100,5.21,48
688,Constitucion,MX,23.99,-104.67,66.2,17,8.05,40
689,Henties Bay,NA,-22.12,14.28,62.61,100,4.09,92
690,Marquette,US,46.54,-87.4,39.2,77,8.05,90
691,Mar del Plata,AR,-46.43,-67.52,53.83,54,10.58,0
692,Puri,ID,-7.54,112.45,84.03,69,7.0,8
693,Te Anau,NZ,-45.41,167.72,58.38,70,6.33,36
694,Roberval,CA,48.51,-72.22,37.4,79,4.7,90
695,Bayan,MN,47.25,107.54,43.66,38,6.55,32
696,Terrace,CA,54.52,-128.61,42.8,56,4.7,75
697,Hambantota,LK,6.12,81.12,82.36,100,4.09,0
698,Poum,MK,41.28,20.71,17.56,78,1.86,0
699,Tambovka,UA,46.93,35.45,34.12,88,8.01,92
700,Kununurra,AU,-15.77,128.74,89.6,49,10.29,40
701,Betare Oya,CM,5.6,14.08,67.42,96,4.21,0
702,Aswan,EG,24.09,32.9,72.28,57,14.61,0
703,Lebu,ET,8.96,38.73,57.2,62,6.93,0
704,Impfondo,CD,1.62,18.06,68.77,99,2.19,24
705,Dauphin,CA,51.15,-100.04,14.0,72,16.11,1
706,Otradnyy,RU,53.38,51.35,20.35,90,9.69,24
707,Roseto degli Abruzzi,IT,42.68,14.01,30.75,100,4.21,0
708,Sao Filipe,CV,14.9,-24.5,69.13,100,15.73,32
709,Tiksi,RU,71.64,128.87,5.01,75,3.53,8
710,Saint-Paul,FR,45.22,1.9,41.0,100,3.36,90
711,Inuvik,CA,68.36,-133.71,6.8,46,9.17,5
712,Cape Town,ZA,-33.93,18.42,62.6,88,9.17,75
713,Lucapa,AO,-8.42,20.74,65.98,99,2.98,92
714,Cayenne,GF,4.94,-52.33,77.0,83,7.11,0
715,Alofi,NU,-19.06,-169.92,80.6,88,5.82,40
716,Kamenka,RU,53.19,44.05,8.16,73,4.76,0
717,Mpika,ZM,-11.84,31.4,61.3,96,5.32,32
718,Bonavista,CA,48.65,-53.11,32.46,89,5.55,80
719,Pacific Grove,US,36.62,-121.92,66.2,52,2.3,1
720,Port Blair,IN,11.67,92.75,83.13,100,4.76,8
721,Souillac,FR,45.6,-0.6,41.0,93,3.36,0
722,Avera,US,33.19,-82.53,71.6,77,3.36,1
723,Iqaluit,CA,63.75,-68.52,1.4,64,2.24,40
724,Hualmay,PE,-11.1,-77.61,65.71,88,3.76,24
725,Quang Ngai,VN,15.12,108.8,80.61,63,3.09,0
726,Ancud,CL,-41.87,-73.83,46.9,88,3.53,12
727,Fort Nelson,CA,58.81,-122.69,19.4,73,4.7,75
728,Padang,ID,-0.92,100.36,81.51,100,5.66,32
729,Iranshahr,IR,27.21,60.69,69.8,13,6.93,0
730,Rio Grande,BR,-32.03,-52.1,68.86,95,4.99,8
731,Boueni,YT,-12.9,45.08,77.0,100,2.24,20
732,Los Cedrales,PY,-25.66,-54.72,71.6,100,3.36,75
733,Qaqortoq,GL,60.72,-46.03,24.8,53,4.99,0
734,Krasnyy Chikoy,RU,50.36,108.75,47.85,41,3.09,36
735,Xiuyan,CN,40.29,123.27,51.49,32,11.59,0
736,Walvis Bay,NA,-22.95,14.51,62.6,82,3.87,88
737,Victoria,BN,5.28,115.24,86.0,74,3.36,75
738,Mindelo,PT,41.31,-8.72,46.4,93,8.9,40
739,Tommot,RU,58.97,126.27,28.72,60,9.24,12
740,Mahebourg,MU,-20.41,57.7,73.4,94,4.7,40
741,Lensk,RU,60.71,114.91,26.56,64,11.92,68
742,Vila do Maio,CV,15.13,-23.22,68.0,72,13.87,20
743,Dakar,SN,14.69,-17.45,66.88,92,15.73,0
744,Hofn,IS,64.25,-15.21,39.88,98,16.84,92
745,Nguru,NG,12.88,10.45,69.85,20,10.69,0
746,Nishihara,JP,35.74,139.53,73.4,31,5.82,20
747,Nikolskoye,RU,59.7,30.79,19.4,92,2.24,90
748,Kaitangata,NZ,-46.28,169.85,63.06,78,1.86,0
749,Saint George,GR,39.45,22.34,39.2,80,4.7,20
750,Portland,US,45.52,-122.67,57.2,54,4.7,75
751,Onverwacht,SR,5.59,-55.2,75.2,94,4.7,0
752,Klaksvik,FO,62.23,-6.59,39.2,80,20.8,80
753,Saint Anthony,US,43.97,-111.68,48.2,36,4.7,1
754,San Andres,PH,13.32,122.68,80.56,100,9.91,0
755,Tura,IN,25.52,90.21,69.76,86,7.45,20
756,Rio Gallegos,AR,-51.62,-69.22,41.0,56,24.16,0
757,Anadyr,RU,64.73,177.51,10.4,78,15.66,0
758,Whitefish,US,48.41,-114.33,44.6,42,6.93,90
759,Brest,BY,52.09,23.69,30.2,86,8.95,0
760,Gat,SN,14.69,-16.54,70.21,59,11.92,0
761,Bambanglipuro,ID,-7.95,110.28,76.83,93,4.54,68
762,Bulgan,MN,48.81,103.53,46.27,49,4.09,68
763,Menongue,AO,-14.66,17.68,62.29,98,1.97,56
764,Salym,RU,60.06,71.48,21.88,84,5.77,80
765,Cidreira,BR,-30.17,-50.22,68.95,95,5.55,56
766,Zhangye,CN,38.94,100.46,53.16,71,17.96,0
767,Darya Khan,PK,31.78,71.1,71.25,53,2.86,0
768,Norman,US,35.22,-97.44,55.4,93,11.41,75
769,Alihe,CN,50.57,123.73,39.16,38,6.11,0
770,Coronado,PA,8.53,-79.9,80.6,74,9.17,0
771,Pangnirtung,CA,66.15,-65.72,14.01,79,8.01,68
772,Kaeo,NZ,-35.1,173.78,72.28,64,6.22,48
773,Darhan,MN,49.49,105.92,49.78,46,13.04,44
774,Nerchinskiy Zavod,RU,51.31,119.61,37.45,42,7.11,8
775,Guerrero Negro,MX,27.97,-114.04,63.64,54,13.82,0
776,Valley,GB,53.28,-4.56,41.0,86,18.34,56
777,Kruisfontein,ZA,-34.0,24.73,63.19,93,4.32,92
778,Gilgit,PK,35.92,74.31,22.69,90,0.63,12
779,Bathsheba,BB,13.22,-59.52,78.8,83,11.41,40
780,Fukuchiyama,JP,35.32,135.12,68.0,34,2.24,0
781,Flinders,AU,-34.58,150.85,80.6,57,6.93,0
782,Saint-Georges,CA,46.12,-70.67,23.32,78,1.97,0
783,Ferzikovo,RU,54.52,36.76,-0.8,66,2.86,0
784,Redlands,US,34.06,-117.19,84.2,31,9.17,5
785,Touros,BR,-5.2,-35.46,76.06,100,4.65,68
786,Rome,IT,41.89,12.48,55.4,82,11.41,75
787,Marsa Matruh,EG,31.35,27.25,53.6,87,13.87,0
788,Ekhabi,RU,53.51,142.97,22.69,90,21.09,12
789,Bethel,US,60.79,-161.76,30.2,86,6.93,90
790,Saint-Augustin,FR,44.83,-0.61,44.6,100,5.82,64
791,Zhangjiakou,CN,40.77,114.88,49.33,76,12.26,0
792,Chapais,CA,49.78,-74.86,32.0,95,3.36,90
793,Komsomolskiy,RU,67.55,63.78,-17.68,50,3.65,12
794,Mitsamiouli,KM,-11.38,43.28,81.15,100,4.54,36
795,Laguna,MX,27.52,-110.01,66.2,34,5.82,5
796,Agadir,MA,30.42,-9.58,60.8,67,6.93,68
797,Indiaroba,BR,-11.53,-37.51,73.5,97,6.22,100
798,Dalbandin,PK,28.9,64.41,61.66,25,3.65,0
799,Bluff,AU,-23.58,149.07,91.09,39,12.82,20
800,Grindavik,IS,63.84,-22.43,39.2,80,13.87,0
801,Vestmannaeyjar,IS,63.44,-20.27,37.81,94,10.69,0
802,Dokka,NO,60.83,10.07,6.13,69,2.19,0
803,Barra Patuca,HN,15.8,-84.28,81.01,85,16.51,92
804,Isla Aguada,MX,18.78,-91.49,87.8,55,11.41,5
805,Zalantun,CN,48.0,122.72,43.66,50,4.65,0
806,Banda Aceh,ID,5.56,95.32,83.98,73,1.19,24
807,Kentau,KZ,43.52,68.5,42.04,86,2.42,0
808,Baghdad,IQ,33.3,44.38,73.4,31,14.99,0
809,Nouadhibou,MR,20.93,-17.03,62.6,88,10.29,8
810,Ust-Nera,RU,64.57,143.24,10.36,76,2.75,68
811,Hershey,US,40.29,-76.65,46.4,100,3.31,90
812,Byron Bay,AU,-28.65,153.62,78.8,88,12.75,75
813,Matara,PE,-13.74,-72.9,44.56,99,1.86,92
814,Kavieng,PG,-2.57,150.8,81.46,100,7.0,56
815,Vila Velha,BR,-3.71,-38.6,77.0,94,6.93,75
816,Taunggyi,MM,20.78,97.03,76.87,50,2.42,0
817,Rambha,IN,19.52,85.09,82.72,80,7.23,8
818,Price,US,39.6,-110.81,44.6,33,12.75,1
819,Tigil,RU,57.8,158.67,36.64,95,14.38,92
820,Georgetown,GY,6.8,-58.16,76.83,91,5.44,92
821,Santa Rosa,AR,-36.62,-64.29,64.72,53,9.57,0
822,Kandi,BJ,11.13,2.93,73.81,54,11.14,8
823,Jumla,NP,29.28,82.18,32.73,83,2.08,0
824,Kampene,CD,-3.59,26.67,67.06,98,1.74,68
825,Dongsheng,CN,29.72,112.52,74.4,70,8.9,88
826,Pisco,PE,-13.71,-76.2,68.0,88,10.29,0
827,Havelock,US,34.88,-76.9,64.4,72,8.05,1
828,Rapid City,US,44.08,-103.23,39.2,64,6.93,90
829,Kayerkan,RU,69.35,87.76,-7.1,90,16.73,56
830,Mitu,IR,36.2,46.09,59.32,29,6.67,64
831,Pombia,IT,45.65,8.63,53.6,87,5.82,75
832,Baherden,TM,38.44,57.43,54.01,71,2.64,8
833,Lastoursville,GA,-0.81,12.73,72.73,95,1.41,92
834,Gobabis,NA,-22.45,18.97,69.8,77,2.24,64
835,Donnacona,CA,46.68,-71.73,35.6,86,2.64,90
836,Diego de Almagro,CL,-26.39,-70.05,57.79,86,2.42,0
837,Alvand,IR,36.19,50.06,57.2,54,2.24,0
838,Norman Wells,CA,65.28,-126.83,3.2,41,9.17,20
839,Sobolevo,RU,54.43,31.9,4.87,60,5.77,12
840,Atherton,GB,53.52,-2.49,37.4,97,3.36,8
841,Dawlatabad,AF,36.41,64.91,64.05,61,2.08,12
842,Sola,NO,58.89,5.65,33.8,34,16.11,0
843,Faya,SA,18.39,42.45,62.6,51,3.36,0
844,Mangaratiba,BR,-22.96,-44.04,77.0,88,1.74,0
845,Morondava,MG,-20.3,44.28,78.85,98,4.65,0
846,Kokkola,FI,63.84,23.13,21.2,79,6.93,0
847,Ca Mau,VN,9.18,105.15,86.28,73,7.78,8
848,Nicoya,CR,10.15,-85.45,84.2,51,10.29,0
849,Salvador,BR,-12.98,-38.48,80.6,74,10.29,40
850,Clyde River,CA,70.47,-68.59,-4.01,83,9.17,90
851,Chute-aux-Outardes,CA,49.12,-68.38,32.0,86,2.24,90
852,Kavaratti,IN,10.57,72.64,82.41,100,8.68,8
853,Lebedyn,UA,50.58,34.48,24.13,91,12.15,92
854,Guanay,BO,-15.5,-67.88,65.35,91,1.86,92
855,Tautira,PF,-17.73,-149.15,87.8,62,2.24,40
856,Mount Isa,AU,-20.73,139.49,91.4,46,8.05,75
857,Borogontsy,RU,62.67,131.17,25.08,56,3.87,0
858,San Cristobal,EC,-0.39,-78.55,55.4,76,10.29,40
859,Atagay,RU,55.1,99.39,36.91,71,3.65,8
860,Narsaq,GL,60.91,-46.05,23.0,53,3.36,0
861,Bangui,CF,4.39,18.55,75.2,94,4.7,20
862,Wajima,JP,37.4,136.9,62.6,51,20.8,0
863,Lompoc,US,34.64,-120.46,60.8,93,4.7,90
864,Honningsvag,NO,70.98,25.97,29.98,99,15.17,68
865,Gabu,CN,34.78,103.0,51.63,38,3.76,0
866,Taman,RU,45.22,36.72,46.4,93,17.9,92
867,Leningradskiy,RU,69.38,178.42,3.25,84,8.23,0
868,Coos Bay,US,43.37,-124.22,48.2,81,14.99,1
869,Sun Valley,US,43.7,-114.35,46.4,26,12.75,40
870,Myaundzha,RU,63.05,147.18,13.51,77,3.76,68
871,Tual,ID,-5.67,132.75,80.65,100,14.83,12
872,Athabasca,CA,54.72,-113.29,21.43,81,7.23,88
873,Dunedin,NZ,-45.87,170.5,61.3,71,3.76,56
874,Kiama,AU,-34.67,150.86,80.6,57,6.93,0
875,Ainazi,LV,57.86,24.36,9.6,63,2.42,0
876,Lakatoro,VU,-16.11,167.42,85.11,84,4.88,64
877,Kirakira,SB,-10.46,161.92,84.66,100,9.13,20
878,Harper,US,30.3,-99.24,60.8,87,4.7,1
879,Phonhong,LA,18.5,102.42,84.2,62,6.93,20
880,Sosnovo-Ozerskoye,RU,52.53,111.54,40.33,53,11.7,0
881,Puerto Carreno,CO,6.19,-67.49,72.55,91,1.41,92
882,Hami,CN,42.84,93.51,58.2,42,5.99,76
883,Lubumbashi,CD,-11.66,27.48,62.47,98,4.65,80
884,Marinette,US,45.1,-87.63,41.0,80,10.29,1
885,Atasu,KZ,48.68,71.64,29.8,70,5.99,0
886,Mongoumba,CD,3.64,18.59,73.81,95,2.98,44
887,Katsuura,JP,33.93,134.5,69.8,32,16.11,0
888,Grand Forks,US,47.91,-97.06,26.6,79,4.7,75
889,Buraydah,SA,26.33,43.97,73.4,35,8.05,0
890,Prince Rupert,CA,54.32,-130.32,41.0,80,3.36,75
891,Havre-Saint-Pierre,CA,50.23,-63.6,32.0,93,8.05,90
892,San Rafael del Sur,NI,11.85,-86.44,80.6,65,11.41,20
893,Cuamba,MZ,-14.8,36.54,66.48,97,2.98,32
894,Carlisle,GB,54.89,-2.94,32.0,100,6.93,68
895,Nisia Floresta,BR,-6.09,-35.21,77.0,94,3.36,75
896,Yumen,CN,40.29,97.04,52.53,51,19.86,68
897,Ust-Ilimsk,RU,57.96,102.73,28.45,60,8.12,64
898,Lodwar,KE,3.12,35.6,72.78,72,3.42,12
899,Kungurtug,RU,50.6,97.53,37.23,55,3.09,24
900,Bata,GQ,1.87,9.77,77.0,100,2.24,40
901,Ialibu,PG,-6.28,143.99,62.11,99,2.19,92
902,Esperance,TT,10.24,-61.45,78.8,83,5.82,20
903,Port Hardy,CA,50.7,-127.42,42.8,87,2.24,90
904,Saint-Francois,FR,46.42,3.91,44.6,87,4.7,90
905,Alta Floresta,BR,-9.87,-56.08,77.5,86,2.98,8
906,Bawku,GH,11.06,-0.24,78.58,46,11.48,36
907,Galesong,ID,-5.32,119.37,79.35,100,8.34,56
908,Aguimes,ES,27.91,-15.45,69.8,32,1.12,80
909,Kathmandu,NP,27.71,85.32,67.42,69,2.42,0
910,Turukhansk,RU,65.8,87.96,-6.38,88,10.69,44
911,Oranjestad,AW,12.52,-70.03,80.6,78,18.34,20
912,Ostrovnoy,RU,68.05,39.51,13.11,86,17.4,36
913,Upernavik,GL,72.79,-56.15,-3.86,79,11.25,24
914,Kutum,SD,14.2,24.66,61.26,27,7.0,0
915,Sapouy,BF,11.55,-1.77,72.78,45,2.75,44
916,Royan,FR,45.62,-1.03,44.6,100,4.7,0
917,Acajutla,SV,13.59,-89.83,75.97,83,2.75,8
918,Airai,TL,-8.93,125.41,74.53,94,1.74,80
919,Indian Head,CA,50.53,-103.67,10.41,69,6.67,20
920,Suntar,RU,62.16,117.65,26.83,74,12.59,76
921,Sinnamary,GF,5.38,-52.96,77.91,100,10.69,88
922,Dong Hoi,VN,17.48,106.6,75.79,92,6.78,8
923,Sorland,NO,67.67,12.69,38.31,100,17.74,88
924,Nizhniy Kuranakh,RU,58.84,125.49,28.72,60,9.24,36
925,Vila Franca do Campo,PT,37.72,-25.43,51.8,71,4.7,40
926,Vostok,RU,46.45,135.83,32.5,57,5.66,44
927,Mwene-Ditu,CD,-7.01,23.45,66.75,97,4.21,92
928,Ulladulla,AU,-35.36,150.48,80.6,57,6.93,0
929,Heihe,RU,50.24,127.51,37.4,23,13.42,0
930,Zabaykalsk,CN,49.64,117.33,43.3,41,12.15,0
931,Sungaipenuh,ID,-2.08,101.38,74.62,81,1.07,56
932,Marfino,RU,56.07,37.56,10.4,72,4.47,0
933,Maceio,BR,-9.67,-35.74,77.0,83,9.17,75
934,San Carlos,VE,9.66,-68.59,76.33,74,7.78,36
935,East London,ZA,-33.02,27.91,64.4,93,11.41,75
936,Shimoda,JP,34.7,138.93,68.0,60,12.75,0
937,Huanren,CN,41.26,125.37,46.05,59,5.77,0
938,Klyuchi,RU,52.25,79.17,27.06,78,7.0,0
939,Kulhudhuffushi,MV,6.62,73.07,83.08,100,1.74,0
940,Estevan,CA,49.14,-102.99,21.2,85,8.05,90
941,Ola,RU,59.58,151.3,24.8,92,6.71,90
942,Ponta do Sol,BR,-20.63,-46.0,71.7,61,6.67,92
943,Tateyama,JP,36.66,137.31,73.4,27,14.99,0
944,Rawson,AR,-43.3,-65.11,65.8,25,16.17,0
945,Atambua,ID,-9.11,124.89,74.4,100,4.43,92
946,Oni,GE,42.59,43.44,39.21,100,1.74,92
947,Jalu,LY,29.03,21.55,50.59,86,8.12,0
948,Pangkalanbuun,ID,-2.68,111.62,85.24,89,5.77,12
949,Kiunga,PG,-6.12,141.3,76.87,93,2.75,92
950,Vendas Novas,PT,38.68,-8.46,53.6,81,8.05,40
951,Basco,US,40.33,-91.2,44.6,100,3.2,90
952,Dicabisagan,PH,17.08,122.42,70.26,100,6.78,100
953,Novoagansk,RU,61.94,76.66,8.65,72,9.46,76
954,Pucallpa,PE,-8.38,-74.54,77.0,88,2.19,40
955,Coquimbo,CL,-29.95,-71.34,58.38,100,4.43,0
956,Okulovka,RU,58.37,33.3,10.05,67,3.42,36
957,Preobrazheniye,RU,42.9,133.91,45.33,38,4.99,0
958,Luanda,AO,-8.83,13.24,78.8,83,6.93,75
959,Half Moon Bay,US,37.46,-122.43,71.6,52,8.05,1
960,Ketchikan,US,55.34,-131.65,42.8,75,8.05,75
961,Timra,SE,62.49,17.33,3.2,84,2.42,0
962,Poso,ID,-1.4,120.75,81.37,100,2.98,8
963,Nioro,GM,13.79,-15.05,72.64,65,2.3,0
964,Kapit,MY,2.02,112.94,79.26,89,2.42,76
965,Soure,PT,40.06,-8.63,51.8,76,8.05,75
966,Gazanjyk,TM,39.24,55.52,54.78,85,2.64,32
967,Torre del campo,ES,36.95,-2.17,55.4,93,5.82,90
968,Bay Roberts,CA,47.58,-53.28,35.6,100,9.17,90
969,Gorontalo,ID,0.54,123.06,85.6,73,2.64,0
970,Batagay-Alyta,RU,67.8,130.41,8.25,80,4.09,0
971,Kannur,IN,11.88,75.37,81.64,70,1.41,0
972,Berlevag,NO,70.86,29.09,30.16,100,13.27,12
973,Longyearbyen,NO,78.22,15.63,5.0,65,10.29,40
974,Minab,IR,27.15,57.07,66.2,88,4.7,0
975,Richards Bay,ZA,-28.77,32.06,69.94,86,9.69,0
976,Hit,IQ,33.64,42.83,67.69,55,8.34,32
977,Maine-Soroa,NE,13.21,12.02,71.43,17,11.59,0
978,Sao Felix do Xingu,BR,-6.64,-51.99,74.85,95,2.19,36
979,College,US,64.86,-147.8,33.8,46,1.41,1
980,Cap Malheureux,MU,-19.98,57.61,73.4,88,4.7,20
981,Isfana,KG,39.84,69.53,53.6,93,2.19,80
982,Rayevskaya,RU,44.84,37.55,46.4,93,17.9,88
983,Asosa,ET,10.07,34.53,65.71,86,3.42,92
984,Rognan,NO,67.1,15.4,32.0,96,13.87,40
985,Qeshm,IR,26.96,56.27,68.0,88,4.7,8
986,San Quintin,PH,17.54,120.52,84.2,58,4.7,20
987,Bereda,ES,43.27,-7.54,42.8,87,12.75,0
988,Rio Bueno,JM,18.47,-77.46,77.0,78,10.29,20
989,San Policarpo,PH,12.18,125.51,81.15,96,13.04,68
990,Dingle,PH,11.0,122.67,86.32,68,1.74,32
991,West Wendover,US,40.74,-114.07,55.4,20,18.34,1
992,Bilibino,RU,68.06,166.44,8.38,70,3.09,24
993,Zhanakorgan,KZ,43.91,67.25,45.01,81,2.98,20
994,Bandarbeyla,SO,9.49,50.81,77.91,100,5.77,92
995,Namibe,AO,-15.19,12.15,76.38,100,9.01,100
996,Moose Factory,CA,51.26,-80.61,37.4,74,14.99,75
997,Alice Springs,AU,-23.7,133.88,93.2,18,14.99,40
998,Rancho Palos Verdes,US,33.75,-118.37,66.2,59,8.05,5
999,Cortes,PH,9.28,126.19,82.0,80,5.1,48
1000,Kidal,ML,18.44,1.41,62.38,26,11.14,12
1001,Sile,US,35.56,-106.37,55.4,56,5.82,40
1002,Port-Gentil,GA,-0.72,8.78,81.78,97,8.46,92
1003,Kloulklubed,PW,7.04,134.26,87.8,79,9.17,90
1004,Sitka,US,37.17,-99.65,50.68,77,6.44,36
1005,Hasaki,JP,35.73,140.83,71.6,49,6.93,0
1006,Kamen-na-Obi,RU,53.79,81.35,24.22,88,7.56,68
1007,Nador,MA,35.17,-2.93,66.2,39,6.93,8
1008,Mecca,SA,21.43,39.83,80.6,51,2.64,0
1009,Nemuro,JP,43.32,145.57,51.8,57,12.75,75
1010,Saint-Pierre,FR,48.95,4.24,33.8,96,5.82,90
1011,Kangaatsiaq,GL,68.31,-53.46,8.7,100,14.05,64
1012,Port-Cartier,CA,50.03,-66.88,30.2,92,5.82,90
1013,Toyooka,JP,35.55,134.82,68.0,34,2.24,0
1014,Matveyevka,UA,45.75,33.81,39.34,89,7.56,92
1015,Panaba,MX,21.28,-88.27,76.83,71,10.47,44
1016,Lavrentiya,RU,65.58,-170.99,21.03,100,12.26,56
1017,Bom Jesus,BR,-9.08,-44.36,72.06,87,2.98,0
1018,The Valley,AI,18.22,-63.06,75.2,83,14.99,20
1019,Methoni,GR,36.82,21.7,42.8,87,5.82,0
1020,Paita,PE,-5.09,-81.11,73.41,77,5.88,32
1021,Payo,ID,-3.75,103.64,84.3,79,4.43,48
1022,Seryshevo,RU,51.09,128.38,36.96,52,11.48,0
1023,Teya,MX,21.05,-89.07,84.2,48,20.8,5
1024,Lagoa,PT,37.14,-8.45,55.4,87,6.93,40
1025,Merauke,ID,-8.49,140.4,85.69,83,9.13,80
1026,Kalemie,CD,-5.95,29.2,68.91,100,5.99,92
1027,Firovo,RU,57.48,33.7,2.76,56,3.31,0
1028,Ternate,PH,14.29,120.72,82.4,74,5.82,75
1029,Waingapu,ID,-9.65,120.26,83.85,86,5.77,68
1030,Nikel,NO,69.41,30.21,26.6,86,17.22,88
1031,Somerset,US,37.09,-84.6,64.4,100,3.2,90
1032,Charleville-Mezieres,FR,49.77,4.72,37.4,86,9.17,75
1033,Beyneu,KZ,45.32,55.19,39.52,98,4.43,20
1034,Springville,US,40.17,-111.61,46.4,33,4.21,1
1035,Itarema,BR,-2.92,-39.92,76.42,96,5.21,56
1036,Isangel,VU,-19.55,169.27,77.01,100,4.76,92
1037,Anchorage,US,61.22,-149.89,37.4,80,2.75,90
1038,Altay,CN,47.83,88.13,33.58,63,2.98,76
1039,Ambunti,PG,-4.22,142.82,83.8,81,2.86,24
1040,Urucara,BR,-2.54,-57.76,76.69,89,3.98,0
1041,Masaka,UG,-0.34,31.75,64.63,100,4.09,56
1042,Sao Paulo de Olivenca,BR,-3.38,-68.87,77.14,94,1.63,56
1043,Mananjary,MG,-19.16,46.8,53.83,92,2.98,0
1044,Charyshskoye,RU,51.4,83.56,34.39,87,3.87,12
1045,Natal,BR,-5.81,-35.21,75.2,94,3.36,75
1046,Tessalit,ML,20.2,1.01,63.73,23,11.81,56
1047,Mayor Pablo Lagerenza,PY,-19.93,-60.77,67.83,95,2.98,20
1048,Caravelas,BR,-17.73,-39.27,78.9,100,15.28,76
1049,Vao,EE,59.1,26.19,21.75,94,4.54,48
1050,Hulan Ergi,CN,47.2,123.63,43.66,59,8.46,0
1051,Mundo Nuevo,CL,-32.72,-71.41,53.6,93,2.64,0
1052,Trairi,BR,-3.28,-39.27,81.1,100,9.46,88
1053,Bushehr,IR,28.97,50.84,68.0,63,3.76,0
1054,Sakete,BJ,6.74,2.66,82.4,88,11.41,40
1055,Liverpool,GB,53.41,-2.98,37.4,86,5.82,0
1056,Saldanha,PT,41.42,-6.55,40.42,94,4.99,76
1057,Aland,IN,17.57,76.57,81.82,29,3.65,0
1058,Lazaro Cardenas,MX,28.39,-105.62,57.2,17,7.45,5
1059,Montorio al Vomano,IT,42.58,13.64,30.75,100,4.21,0
1060,Bowen,AU,-20.01,148.25,86.0,55,10.29,0
1061,Maxixe,MZ,-23.86,35.35,74.31,100,7.45,12
1062,Aykhal,RU,65.95,111.51,5.59,70,8.68,36
1063,Huarmey,PE,-10.07,-78.15,64.45,83,3.2,20
1064,Ixtapa,MX,20.71,-105.21,61.66,82,1.3,0
1065,Noumea,NC,-22.28,166.46,84.2,74,5.82,75
1066,Along,IN,28.17,94.8,60.58,89,1.41,88
1067,Palafrugell,ES,41.92,3.16,44.6,100,1.12,20
1068,Maykor,RU,59.01,55.89,0.55,62,4.76,0
1069,Yeppoon,AU,-23.13,150.74,86.0,51,9.17,90
1070,Itacarambi,BR,-15.1,-44.09,76.11,67,10.69,12
1071,Corn Island,NI,12.17,-83.04,81.19,97,17.74,92
1072,Salinopolis,BR,-0.61,-47.36,78.85,100,7.23,88
1073,Seybaplaya,MX,19.65,-90.67,86.0,51,11.41,5
1074,Lata,IN,30.78,78.62,52.03,54,2.08,0
1075,Saint-Joseph,FR,43.56,6.97,53.6,81,3.36,0
1076,Lumberton,US,30.27,-94.2,73.4,88,17.22,90
1077,Moville,US,42.49,-96.07,41.0,71,17.22,90
1078,Okhotsk,RU,59.36,143.24,32.01,79,1.74,64
1079,Ossora,RU,59.24,163.07,31.42,97,23.55,88
1080,Prince Albert,CA,53.2,-105.75,19.4,73,8.05,40
1081,Purpe,RU,64.48,76.69,-9.89,69,10.69,20
1082,Brisenas,MX,20.27,-102.57,71.43,33,6.67,0
1083,Nogales,US,31.34,-110.94,50.0,18,8.05,1
1084,Coihaique,CL,-45.58,-72.07,42.0,71,6.33,0
1085,Conceicao da Barra,BR,-18.59,-39.73,78.49,93,9.46,88
1086,Puerto del Rosario,ES,28.5,-13.86,64.4,68,5.82,0
1087,Madang,PG,-5.21,145.81,80.11,99,3.09,48
1088,Ambon,FR,47.55,-2.56,44.6,81,8.05,80
1089,Changji,CN,32.07,116.17,77.01,66,4.65,36
1090,Nanortalik,GL,60.14,-45.24,24.63,100,13.71,0
1091,Goure,NE,13.98,10.27,70.98,14,11.7,0
1092,Wufeng,TW,24.63,121.12,84.2,65,9.17,20
1093,Am Timan,TD,11.04,20.28,87.9,41,1.74,100
1094,Aasiaat,GL,68.71,-52.87,11.85,95,22.77,48
1095,San Ramon,NI,12.92,-85.84,68.23,88,3.2,92
1096,Camacha,PT,33.08,-16.33,60.8,77,10.29,75
1097,Tornio,FI,61.12,27.27,17.6,100,2.24,90
1098,Baft,IR,29.23,56.61,34.48,40,1.97,0
1099,La Palma,CO,5.36,-74.39,66.16,100,1.74,80
